,V1,V2,V3,V4,V5,V6,V7,V8,V9,V10,V11,V12,V13,V14,V15,V16,V17,V18,V19,V20,V21,V22,V23,V24,V25,V26,V27,V28,V29,V30,V31,V32,V33,V34,V35,V36,V37,V38,V39,V40,V41,V42,V43,V44,V45,V46,V47,V48,V49,V50,V51,V52,V53,V54,V55,V56,V57,V58,V59,V60,V61,V62,V63,V64,V65,V66,V67,V68,V69,V70,V71,V72,V73,V74,V75,V76,V77,V78,V79,V80
1,36516.063869762,34816.1184968732,39611.0389272414,36666.7748172188,36497.9802655998,37837.8839653165,42649.5954645332,40838.2292692789,65883.6359651316,39387.3601943243,45097.9178432593,58132.5791115307,45898.5467525855,47342.3755112921,37125.819336511,39875.6120715487,31194.9381709868,42660.6756251164,33119.767562814,32717.3437518426,47636.19962997,44140.0314102778,38064.0269894129,44346.8321268506,40217.2301186785,44184.6121150767,43602.4039179984,37997.0436918013,42006.8060282881,35534.2149366553,49228.3149697568,46532.4835952925,44704.5522387147,40191.5657033947,37890.9249775892,45046.509401417,44731.1562668948,36897.3911915352,45526.5180897418,44487.1351243817,38935.0131015384,40088.723479116,37685.9525890003,34724.151238937,45772.2538817767,40512.0766676922,41170.4259519471,41833.9257360041,38982.7302935335,43930.764326386,40260.9524103344,40920.1535707279,44484.5958965531,38371.9051807915,45644.508611585,41155.8424322434,33831.6882844284,35802.4677230912,38872.8413873205,33444.0438948023,40907.0173555248,34827.4698312188,38798.4376828729,32957.0565828867,38286.216071977,36076.7582428372,40173.0195211755,34595.2265887949,40205.2511820762,35754.5970326501,36473.9469440948,39387.5535889958,36162.336990287,35194.1675199933,37824.5661132187,36139.6302352851,35426.5737806094,37446.5866822511,48785.011851405,35163.8193753852
2,2445.01671104631,1727.00911680958,2125.77304260571,3354.22282439533,1523.00714562627,2971.10458274156,3011.99380654371,2513.24331698326,496.21365439555,1142.22040314868,1973.02644465172,273.659623854197,1249.57885433071,1910.20238707866,2283.39601185897,3122.85572143011,1490.30919318243,2367.6689688373,1724.16900595965,3486.71830358954,1440.99235844706,2596.08325239428,2903.50406556696,2718.70057004009,2669.77963885881,2894.90973422425,3004.43563097306,4142.4984071579,2916.44517255456,1196.37993238426,2109.58466706217,1898.10688834457,2092.926223409,4031.43359837873,3432.8823705789,2283.5916350263,3209.82972940064,3365.28585468765,3199.0180646843,3115.46299942138,1126.71054381848,2959.32438195384,5406.01074119685,2225.78543046469,2482.34613918887,2283.28571658258,1107.30860322847,3166.91739998077,3132.12237201555,2169.0393130116,2391.99248489876,2012.78895891722,3048.50516004424,1829.34866545032,2122.77916691308,3037.13403363982,1261.1298535616,2376.17436651973,2368.80293555139,2216.56171836052,2378.64112890671,2110.95574292822,1804.36345491478,1960.74806141117,1825.99273818546,2861.96922325938,2435.4598361021,2323.95944321909,1316.45969951629,2239.24746950327,2729.93850823434,2850.79544562145,2806.32777181058,2657.60277371229,2940.70861952984,2633.93895934524,3356.19601296588,2776.2472532048,1101.22400728415,3128.37891487389
3,20524.9691712406,16368.6173733596,15258.8545034483,20318.7976725514,16753.7822093414,19440.8547622179,17178.1304045091,21918.0553387828,4612.92170924826,18951.7338534048,19094.3221023112,4898.19633588344,14056.6127000951,13726.6101676859,26645.4873180375,22846.7648989853,21318.8048878023,23515.4117061887,22716.9339624948,22249.1193452708,18974.7671307065,26449.414303887,22367.2214361661,19488.9519012068,21816.6336436937,18694.4812908019,24615.8521101884,28476.146654862,23933.9262351657,29112.8498896539,15726.3532198137,21375.7921009262,26032.041539208,23318.531039206,25552.4339140532,19664.0019983741,17913.3163269326,23871.946175098,25691.047817047,20450.7802115319,19848.4093548588,31160.9863894106,22559.4428574317,25701.5636627922,25334.2460186388,24711.0980225459,23049.911428098,19544.2346086079,23920.4018994369,29442.6438255969,21018.1449469114,22019.5693019742,19747.1289333172,28885.7389465698,18565.9091668834,18475.706991708,15156.129070906,18113.4205965057,15692.2955461855,18968.6333511003,18181.239706465,22392.727357098,18101.8186657084,21535.5657222827,17240.6173493656,19383.6555715748,17296.3196039326,20326.7492888285,13808.4799286223,15539.4516149161,18647.8720462183,19864.1286080575,21149.5887598146,17076.4223357798,19867.6568425525,19711.0230752143,20845.030310253,17594.4187461238,7434.14697587453,18356.2079831684
4,2846.72939295662,5133.0801693359,2961.69328157637,2769.15175726844,4208.69367325202,2727.20837413187,2009.12986552505,2409.61884096201,1128.44060189975,3923.20715115784,3496.81339793666,3188.38090514495,2590.44611624295,4469.41403032882,792.667850285227,4006.07587148794,3373.64778050496,2599.15484917358,2857.13544492057,3434.75877621955,5090.43363739113,4894.29666753833,3552.48202798253,3702.9559497706,4859.96490398673,8382.43484893817,2763.42498728132,3495.55959593338,1734.20771422742,4365.28034486106,7274.97582577425,4932.04102107222,3912.09368549621,1431.84410307422,3456.64235267236,6073.05654492257,3241.91979367524,4846.68898467429,4180.87865584179,2128.17050561264,8036.15269253129,2675.66880117262,3392.48860966025,4028.86395262123,2351.64081309454,5522.94171418396,3589.00440696548,4951.83917225213,4412.130402731,2141.84123359071,5097.97516921499,6689.77640416801,4810.11378962813,4560.41629257824,2052.28917981853,1827.18751429544,3258.89792092635,2724.22840014253,3957.14758684261,3636.11851975213,3710.99708220332,2776.78026024259,2687.83173936946,2454.68018939462,2825.39365811523,2854.88956841432,1378.77848471668,3746.86139084379,2724.52906119133,4923.55539560239,3846.26089432845,2534.75062363466,3391.73960931382,1661.34316571686,4944.95216540042,2530.90220299921,2590.7950966162,1933.26713845743,6270.09405169935,1067.03687453056
5,0,0,0,0,0,0,0,0,0,0,0,0,0,0,0,0,0,0,0,0,0,0,0,0,0,0,0,0,0,0,0,0,0,0,0,0,0,0,0,0,0,0,0,0,0,0,0,0,0,0,0,0,0,0,0,0,0,0,0,0,0,0,0,0,0,0,0,0,0,0,0,0,0,0,0,0,0,0,0,0
6,0,0,0,0,0,0,0,60.3432539982516,0,0,282.642268770443,0,0,0,0,0,0,0,0,0,0,0,0,0,0,0,0,0,0,0,0,0,0,0,0,0,0,0,0,0,0,0,0,0,0,0,0,0,0,0,0,0,0,0,0,0,0,0,0,0,0,0,0,0,0,0,0,32.300430265848,0,0,0,0,0,0,0,0,0,0,0,0
7,0,0,0,0,0,0,0,0,0,0,0,0,0,0,0,0,1.38160066719335,18.8347949372016,0,0,0,0,0,0,26.230509755293,0,0,0,0,0,0,76.1983939806236,0,0,0,0,0,0,0,0,0,2.5832031106203,0,0,0,0,0,0,0,0,0,0,0,0,0,0,0,0,0,0,0,19.9792872623258,0,0,0,0,0,0,0,0,0,0,0,0,0.158681057855059,3.94754550069542,0,0,0,0
8,0,0,0,0,0,0,0,0,0,0,0,0,0,0,0,0,0,0,0,0,0,0,0,0,0,0,0,0,0,0,0,0,0,0,0,0,0,0,0,0,0,0,0,0,0,0,0,0,0,0,0,0,0,0,0,0,0,0,0,0,0,0,0,0,0,0,0,0,0,0,0,0,0,0,0,0,0,0,0,0
9,0,0,0,0,0,0,0,0,0,0,0,0,0,0,0,0,0,0,0,0,0,0,0,0,0,0,0,0,0,0,0,0,0,0,0,0,0,0,0,0,0,0,0,0,0,0,0,0,0,0,0,0,0,0,0,0,0,0,0,0,0,0,0,0,0,0,0,0,0,0,0,0,0,0,0,0,0,0,0,0
10,21.0642944209537,84.9851660431625,12.5487552563935,45.7349559640706,76.1375985718756,0.217554499436875,421.031157749038,36.3716489721453,0,767.949579140689,0,0,0,354.21579940252,256.809713361162,1.56087552743946,0,6.66054714688188,70.7989076462384,52.7321435610139,0,0,2.70750998499162,70.7561267975561,1.02192044097604,472.629940513259,0,897.185256126934,28.513971558395,7.6822104156905,1.0416832135977,1.98758106549837,4.54930597317712,2.25127252723229,10.303197903863,2.08477390111365,86.8567276515013,75.3199889511863,16.3568681106209,303.033304519898,0,92.361459415178,0,13.6894133787755,0,0,0,67.1583603810267,1.17427556507223,74.5766268752669,0,0,660.086920477255,45.296075957118,21.4780540387713,136.025575323009,68.144748059661,25.3973111658951,0,69.313161636074,515.872128479414,244.285742060479,69.7484794738343,175.587776382386,24.2945582956565,277.706205080407,35.5439097908479,238.284055226643,0,131.214209228462,3.13559852099779,222.752459899886,328.496929880375,4.56145517700298,2.41101576259589,0,443.613964555971,417.723182629862,18.9350205999037,0
11,515.096758174587,875.045415984142,278.244836923388,800.598843151561,974.283186412307,701.458278450635,1251.71650148766,1039.33712382209,252.335248241156,301.623858168713,1053.83253282234,378.151252098483,413.671382362955,988.25280140382,962.01505351327,212.437029841068,850.130093118882,847.926780201375,413.269889440342,726.829599660241,73.9159098110672,928.132578061764,777.090696715035,128.660299291582,831.409160897677,1044.58421493941,186.797271181613,345.262099527782,272.176134814647,1060.61558553988,1200.99832750902,247.137576426415,789.069750889204,423.941895945747,1695.34514987646,800.01463456983,506.931352064555,1364.64215428593,1341.6247350185,640.198729457351,334.216468913056,642.496631295942,987.996840435262,371.338461083325,15.0169886626542,930.649549436709,328.944006778433,804.486029899132,829.742176110477,46.4070621122172,743.620949699146,895.233042586669,977.806207539379,1882.19369473796,750.530721890112,459.047548322065,954.648680921018,214.578356070123,971.862189738148,816.755311231563,582.411109344457,559.188265944089,121.102361863984,898.635194419422,807.811237703017,960.614309634935,1501.25166371597,586.60606627006,929.329609086291,747.83196894877,744.811117128834,756.792614061974,1001.45273060434,892.486261968974,1159.04173250766,389.813547711815,692.094002832214,169.688695798075,728.801437151307,602.600209872479
12,0,0,0,0,0,0,0,0,0,0,0,0,0,0,0,0,0,0,0,0,0,0,0,0,3.3765319047921,0,0,0,0,0,0,0,0,0,0,0,0,0,0,0,0,0,0,0,0,0,0,0,0,0,0,0,0,0,0,0,0,0,0,0,0,0,0,0,0,0,0,0,0,0,0,0,0,0,0,0,0,0,0,0
13,0,0,0,2.37284638178483,0,0.421580033011076,41.1166096190231,172.477313843311,0,15.9575947832755,0.870239380651025,0.112498471055331,43.4199527979664,50.696015108344,0,0,16.0357498920607,78.4622712569729,0.360092059834444,0,0.807826411696528,14.2194903243504,10.8430750933546,7.7091181883816,1.89777903356784,13.3960772667199,79.782246597075,0.704529555080702,0,592.413943673919,6.22397883992125,0,22.0392656473877,0,0,69.6883247767448,0,10.915519320524,16.7727624000935,4.89934931173389,0,0.539419160405036,27.0287572602164,196.605928701085,0.195029199419868,24.8377577327706,70.7300100432656,0.333693265067365,224.897915795669,0,0,77.5832799918184,40.9654509854667,28.0045147642603,53.7597631431832,23.4705372955352,0.449155811827541,0,0,0.257310299251961,0,224.203515210322,14.3857927266161,0,5.55418400804308,23.4238979739313,120.91194529621,17.0939065543583,167.767936016675,67.1707453078594,0,0.912585011963118,19.0254759632094,1.96427758875956,185.326583733499,0,120.611813902898,496.847425198005,1.41125143889414,0
14,0,0,0,0,0,0,0,21.4801119823413,0,0,0,0,153.237851113531,56.6912310063879,0,1.39788144581304,0,0,0,0,0,0,0,20.4052853995127,0,0,0,0,0,0,0,0,0,0,0,0,0,0,0,0,0,0,0,0,0,0,0,0,0,0,0,0,0,0,0,65.0825240253186,0,21.4827894094824,0,110.56122600752,0,0,0,38.3658659962564,0,0,0,0,160.332865600317,0,0,0,0,0,0,0,0,0,4.15049464477126,0
15,0,0,0,0,0.175863898283017,425.978592113552,0,0,0,0,0,0,0,0,0,0,0,0,0,0,0,0,0,0,0,0,0,0,0,0,0,0,0,0,0,39.5227698968593,0,0,0,0,0,0,0,0,0,0,0,0,0,268.158978289099,0,0,0,0,0,0,0,1.21031308044299,0,0,0,0,0,0,0,0,0,0,0,0,0,8.52815237893126,36.4152163288745,0,0,0,0,0,0,0
16,0,3.89460160762523,0,0,0,0,23.0151279641084,0,0,0,0,0,0,0,0,0,0,0,0,0,0,0,0,0,0,0,0,0,6.69653423904357,0,0,0,0,0,0,0,0,0,10.6796920275181,0,0,0,0,0,0,0,0,0,0,0,0,0,0,0,0,0,0,0,166.018603365533,0,0,0,0,0,0,0,0,0,0,0,0,0,0,0,0,0,0,0,0,0
17,164.869804691037,0,0.377653085897351,0,0,0,22.8344400114952,0,0,0,20.8790615545981,0,244.899261564285,0,0,0,0,41.5233671267694,0,0,8.14705163054523,0,0,0,0,0,0,0,0,0,0,0,0,282.280854068164,0,0,0,297.815399306349,10.595847536625,0,0,0,0,0,10.3042021966309,0,0,0,0,0,0,0,0,0,27.1479230637266,4.71052579122793,0,153.412824739213,2.17625392362686,0,0,42.3522638284619,0,0,1.55264866284003,216.119632829184,0,26.5918159044439,0,0,0,0,50.508730315385,4.3242057909567,0,0,0,0,0,0
18,15.0389598289287,1043.59641281423,37.6314589783175,211.659367160045,510.959327760992,2.35574942930053,56.9291949750411,80.284266942745,0,0.343399999976811,74.5112418130145,64.1203453671136,259.152248206707,0,238.933508581551,0,415.920063015703,236.247918935617,304.524597020585,5.74536056601781,128.074965978892,138.527302402101,547.162370085531,755.48139991053,126.964119070361,191.598221833036,48.1224945234734,221.647313801895,150.521756287361,5.72531243233353,678.561663773058,638.86835777527,148.821083966439,232.740936873734,1.80674185162362,77.2288809739976,439.444531050959,0.550329848928568,0,739.181739919978,234.676813683654,14.6586440796935,162.256495453535,5.23408824290764,0.458865160640965,683.144136241652,163.763834312677,320.915470749254,2.67693261559828,0,0,11.6739498068227,0,0.29502576906583,462.082275873069,0,521.122099889873,348.143076600478,39.494916200918,22.7025104738234,52.6842640383874,291.989243585628,95.8340318952935,218.879917527029,25.6690838669231,246.289790655334,1.49436022883907,77.2398740980742,0.693581249893223,338.292681019692,597.532696031294,549.665835453382,286.64832396253,0,0,10.7946155726981,316.878720852187,336.871056134948,161.869291146079,0
19,0,0,0,0,0,0,0.369925188739485,25.7241731907347,335.277485541568,64.4988729686175,0,0,0,0,0,15.5243836242627,0,0,0,0.449913890478179,0,0,27.5683057228579,0,0,0,11.7262260231868,0,0,0,0,245.622044969858,0,0,0,0,0,0,0,0,0,0,0,0,0,0,0,85.4209664887986,0,0,0,0,0,0,0,0,0,0,0,0,0,0,110.281734189736,0,0,197.202585728129,0,0,0,0,0,0,0,0,0,0,0,0,0,0
20,0,0,0,3.65670298257446,0,0,0,0,0,0,0,0,0,0,0,0,0,0,0,0,0,0,0,20.6612656823023,0,0,0,0,0,0,0,0,0,0,0,0,0,0,0,0,0,0,0,0,0,0,0,0,0,0,0,0,0,0,0,0,0,154.348673128012,0,0,0,0,0,0,0,0,0,0,0,0,0,0,0,0,0,0,0,0,0,0
21,0,0,0,0,0,1.24870853509222,0,0,0,0,0,0,0,0,0,0,0,0,0,0,0,0,0,0,0,0,0,0,0,0,0,0,0,0,0,0,0,0,0,0,0,0,0,0,0,0,0,0,0,0,0,0,0,0,0,0,0,0,208.764964595424,0,0,0,0,0,0,0,0,0,0,0,0,0,0,0,0.138386287977875,0,0,0,0,0
22,997.299861159838,1367.52025674714,856.741834106266,1417.93355495053,1545.70063681351,1592.24033737224,1468.93567883988,3520.21466360126,316.922064126693,491.595730172083,1378.67739529471,317.51533280519,871.220316764439,1350.29471765231,2858.95524082635,971.935677402889,1083.28666544304,1777.24413413024,1611.86815476749,857.237691851854,1010.03910877448,1048.59590443684,1342.41256356944,866.163189902231,660.36838537074,1974.14566020087,920.613816530049,900.850193486885,572.7727883183,2839.91430467084,645.269292007826,1928.76187764216,764.847879125749,841.547237122017,186.599521342418,1590.63969060453,2333.86368122421,747.402268485994,1545.57853547634,743.054523581162,966.553857490236,1110.50892212735,1706.40691599189,993.989259086171,3067.38912666386,712.122809717827,1337.6686007809,1123.93371681388,654.219565549624,1908.12724318039,1591.75650949374,2179.69101367892,952.479629050304,1397.06381558484,1828.69988742035,733.476918188121,1251.93730690253,1598.81411445127,2078.05418814271,1169.3435108853,909.086275399092,953.707052702218,1855.44469957265,1024.90097871373,1700.54810249231,1932.74000281279,1803.98998026209,1532.94889247973,1405.3303058076,1060.34127351384,1959.6142111711,1809.02181875854,1583.15056733948,916.497264840452,1509.28549742476,957.073338479454,1047.13650554237,1853.77834478989,1133.77475854026,903.181435095292
23,1252.01642417962,2048.77858898538,1925.08291373823,1670.2316073767,1348.11075664877,2192.24076039201,1701.60524305361,1915.23086307705,301.29914547256,1171.61752435881,2599.53037495174,144.723839538277,629.767828975438,1203.44356047811,2854.85278592083,2381.69160001369,1949.73213668951,4431.7396114988,2264.79232240192,2041.55354631233,792.987893649904,955.053758776722,533.828866061386,1450.58184777307,2309.03772741542,1478.03248001813,2883.42128408275,1922.54614463665,1130.67778029532,2530.40307838238,1444.64253078581,1386.98186270927,892.768018669996,3530.5868594112,1669.41710805276,1254.006785786,2087.25413135543,2699.64495676804,2397.65464347546,1565.68954999384,832.154328963237,1348.65536301151,2325.69768928716,5333.41997972356,3965.92493437127,3634.71819883896,2939.35844399163,2498.93133101789,2040.27796713781,2474.51001260299,1680.49554835053,1516.18574242257,3051.76428623431,1547.13330172359,1426.45351661994,2015.09251569846,1451.98463181667,1386.25598534053,1764.00218604891,1539.23021012523,1202.07934800348,1825.745051553,1552.2177366036,2576.70417552381,1771.17515080722,1795.29545671313,1751.90242898165,2361.73946776092,1145.61362018043,1554.26813065145,3025.04032094658,1016.57420788643,2416.71093319417,1827.96934885541,1091.59103956948,909.77610954297,1346.28845804538,2143.26545126405,1265.35314742059,2381.13020204477
24,85.7541610775852,109.335549682026,79.3958442433063,314.23660055129,415.847530469781,728.158673533896,83.5915724935365,364.17237580763,38.8429931293249,123.696779403412,642.139191396627,1501.36586253188,174.022274690934,164.235525664356,529.778187597626,0,751.912208030932,16.4773444226011,527.958505374913,5.76014323449572,0,871.744346232039,113.879368936213,0.949825856873017,587.095945383402,34.0525307756103,83.5713386358376,0,404.985898373199,0,1052.69117392409,963.323459669052,75.5247757720041,70.9859724278788,411.944175334833,1277.55521760286,0,0,1.36684555318856,1.00606592185671,1.75336521364597,491.743559161314,0,227.82311363495,0,64.6643430870492,974.471010253591,1.15118403208361,54.951220560681,1760.93166737525,815.444132637417,2.72317187908838,0,642.389262691501,496.559232041696,86.9011093616874,289.758340488979,0,628.496626618586,70.3483241940164,364.394269342387,421.352449566795,366.635323276194,227.264516835174,575.589572994775,364.056475795906,25.9688897898985,9.37614546942157,863.974643519673,249.629141498075,170.970136830685,257.10793304172,626.350574213582,270.633187517237,342.640378848277,936.650785328934,141.722514031573,419.61917748169,9.73714660607238,0
25,17451.8020726524,17597.0478303135,13250.7803844281,16080.1512614351,12785.1322365092,14892.7424379377,14173.8891205471,18169.2155620881,4802.54676243274,12591.108017349,13997.2510112762,4990.51881276804,13942.0714921454,11868.8028947713,15271.5813705955,17732.1918712409,15292.6648252446,24909.3390495996,17411.7276262458,18166.3938032626,14597.1863636063,20496.8834099795,21012.8231653369,22010.45650932,31230.6032374557,16943.3147648074,23113.7093817268,22029.0257491369,19102.4496395564,21947.3664833395,12694.6301318836,19906.2412064692,20150.9387396465,23199.8895526083,25596.0071109155,17079.4982034144,20564.221658271,15428.2811890055,15827.977240713,15162.3817326471,16469.4535020179,21645.9712077193,21795.9103582937,29048.8302900422,17314.2175790884,25144.5288468068,18236.5067886668,16679.2231581849,21871.3728057407,21706.5926866151,17806.9489165082,19691.142081669,20715.0856692297,23937.1955389716,11837.9051596413,14389.5682561401,10769.7048955898,13536.5507258865,11779.9525294021,13575.8925046294,12659.7222993977,14378.2326247891,11674.6640636563,16764.3667432585,10812.6984971356,11193.9591950217,12215.7682446098,13089.5358346598,14518.5843893477,14064.9375099858,11541.4894112713,12243.4299139384,11049.2767334923,13972.2498611264,17095.103113543,13931.0166318651,12485.6026533655,13901.9029631528,7188.72828499633,16206.7560465877
26,0,0,0,0,0,0,0,0,0,0,0,0,0,0,0,0,0,0,0,0,0,0,0,0,0,0,0,0,0,0,0,0,0,0,0,0,0,0,0,0,0,0,0,0,0,0,0,0,0,0,0,0,0,0,0,0,0,0,0,0,0,0,0,0,0,0,0,0,0,0,0,0,0,0,0,0,0,0,0,0
27,182.257595186354,66.1030446584741,131.319212549266,1.72680864426239,70.8500448024419,193.283674842764,60.9431497069356,271.956017606223,5.55517754020779,90.2834945194509,99.6767933444253,23.742104333013,195.166069500005,136.882673156449,40.2775895043006,4.71680633839369,37.3262373842704,18.8387268182622,0,98.4227685958469,45.6741696679423,295.350663612027,25.4545464282424,4.0072944910409,0,266.809923094823,147.790391241138,462.173592083582,311.397881532807,234.727976642923,222.798551276202,95.7665884186476,107.638128967308,93.1270924549696,165.788346731558,102.899570214091,72.9089319702384,140.715727065458,96.1115242996336,169.782803746913,286.033165071861,47.4992038348776,13.0168011429756,349.038933708455,596.579136270192,180.271599569441,54.6421033157716,12.1420505573782,93.8391889519033,316.051033377629,56.2050540360891,378.042892653507,155.144517075676,337.02925538429,0,240.251551095454,116.037928656336,138.864652876483,31.3620826612449,136.695626933262,220.701562469866,4.71175210381837,106.313881663846,177.1819291586,57.742663774963,87.4403011127013,97.9211960170745,38.5167589337399,25.7435084358178,94.4085551278818,105.940887985902,100.725182944499,19.8423445787668,3.57369481020671,113.902016194694,43.0340087977271,171.95205270984,0.600123430865809,66.7563135018502,312.750223071925
28,32.7867429516311,4.61870055754734,147.649251322375,76.5450553190289,0,0,65.9609517868714,0,0,0,0,0,0,0,17.4734190420403,14.3179432546353,30.2221696204008,366.492642342837,0,20.5034072083018,0,65.8259543534137,132.94588618387,47.2257501309767,76.2334667963299,7.5585110554158,120.731603089168,0,189.292431467016,385.40099811881,8.85277992083908,106.97965652832,0,0,0,0,0,0,27.8018790525392,0,0,0,335.858069503965,0,0,0.774607842332662,230.652704029616,0,3.6961557375685,0,3.9615642346783,0,0.814781547519507,207.750917293057,13.5208864134591,1.00545156708447,98.9293116643256,12.7905129156101,148.49050659828,212.402735088965,1.46863695541049,0,12.8246529141034,0,18.2152484705119,0,2.01747557776362,141.640239610714,0.255375305434781,14.6098956604981,51.5687950308185,326.9995191889,108.417174249731,3.11082622530702,3.03557018790177,205.484599665232,1.67474850946401,10.4478966800783,27.9661384031362,12.7953546717316
29,0,57.4809083986731,5.61793422670658,0,0,0,1.9981360559651,6.45669557469666,16.6655326206234,12.7459051086284,1.9274518050027,120.34790817079,27.8808670714292,50.2069658840261,1.13457998603664,15.7226877946456,67.358842176212,3.71467852754467,68.1336231753903,0,25.3242920931165,0,6.36363660706059,76.1385953297771,1.20094299997914,0,0,0,0,34.723073467888,0,0,71.2835291174225,0,116.424400794634,0,0,0,0,6.79131214987652,6.16450786792804,0,10.1241786667588,0,209.110212713263,7.23014436775833,0,89.8511741245988,11.0399045825769,278.822936194497,0,107.230690246147,0,0,0,36.2879946967092,1.63433702332868,0,90.0395276403482,0,0,14.8083637548577,1.62311269715796,0,62.233759846349,7.94911828297285,42.4553437276827,86.4024592297407,6.67424292780462,0,63.564532791541,19.9236625604503,5.29129188767115,0,0,68.2608415412223,35.9536110211484,0,0,2.54786332441487
30,0,0,0,0,0,0,0,0,0,0,0,0,0,0,0,0,0,0,0,0,0,0,0,0,0,0,0,0,0,0,0,0,0,0,0,0,0,0,0,0,0,0,0,0,0,0,0,0,0,0,0,0,0,0,0,0,0,0,0,0,0,0,0,0,0,0,0,0,0,0,0,0,0,0,0,0,0,0,0,0
31,0,0,0,73.7207443921104,0,0,0,0,0,0,0,0,0,0,0,0,0,0,0,0,0,0,0,0,0,0,0,0,0,0,0,0,0,0,0,0,0,0,0,0,0,0,0,0,0,0,0,0,0,0,0,0,0,0,0,0,0,0,33.4299710057306,0,93.900975336558,0,0,0,0,0,13.3782073303639,0,0,0,0,0,3.40331919535656,0,0,0,22.6223731318004,0,243.172950767642,0
32,0,193.497160786619,56.0750092028555,41.9071789267564,0,0,47.7097800562867,0,0,0,287.556928145864,0,0,0,114.283540612551,0,24.4069054344525,0.138479172319352,0,219.737944109543,0,92.2619215854714,24.5769706370973,0,0,0,7.71325089525176,90.5973246478716,0,0,0,0,0,0,332.006022301094,467.990045321992,0,0,0,0,465.219557200869,0,0,0,0,0,35.3622876620315,0,0,406.198427514949,0,0,484.236313427236,0,0,0,220.918783233415,0,0,0,66.1778302371933,0,0,115.685251586868,192.536649264453,59.0034870731056,103.640602537686,12.4958875058136,0.497617023732916,0,54.3294703738217,0,147.052560546792,0,312.017586556743,3.09788332626003,0,0,1.78668912327296,15.9569040203354
33,590.29594714122,586.475620175105,658.181813301241,642.093818857884,634.456418233249,755.710287638542,433.647101270154,1045.37925986762,82.9452799454735,823.569063041901,783.166681978843,302.384274675817,443.073001630986,377.80141243085,1406.07000804912,1113.11017919319,1219.61743585618,590.509082421834,906.796493705884,664.917673742445,873.279955597253,1129.44804440546,804.473175219387,1094.84955472146,1589.295359307,462.355421959584,915.303314888264,719.87563670877,296.137340243956,819.342372359975,325.160518838773,838.242362556357,1284.6845737078,197.375045768024,893.939940620736,653.32748153867,451.816312864024,829.956338516097,599.199304266511,638.211286857062,777.685081299423,903.464384911796,1183.81634914331,779.455987482089,1200.86898887915,827.777339334383,946.409587685885,1474.53247698064,757.679416992378,1135.48810613622,881.826019377126,464.616810352237,835.912120215073,1197.42385301125,674.402683412432,528.383061963477,954.696565960124,621.5131231136,524.719579515777,585.182167201848,627.682236666552,777.57423342364,433.678333271229,746.425702805103,986.532245192002,586.275760543932,470.677438042842,554.10311710042,520.999315048855,595.726607390332,1180.99650336705,832.721899902805,1162.20747600436,427.343518695474,913.803555855063,565.970844788042,1007.73228290443,745.139872917092,186.526244991785,1091.88853274905
34,0,0,0,0,0,0,0,0,0,0,0,0,0,0,0,0,0,0,0,0,0,0,0,0,0,0,0,0,0,0,0,0,0,0,0,0,0,0,0,0,0,0,0,0,0,0,0,0,0,0,0,0,0,0,0,0,0,0,0,0,0,0,0,0,0,0,0,0,0,0,0,0,0,0,0,0,0,0,0,0
35,89.6170974011251,45.8021138623445,24.2633801536132,270.567113967565,27.9755968946123,124.355257726991,42.4130257939923,55.339498337185,17.1108156688121,21.0521319633878,67.7022493249461,26.5327039153508,2.48920090504126,3.27822628771555,87.9748663073159,306.291688055041,0,6.89350132000294,27.8997427180526,8.94989997187775,84.9067532379079,177.845560884662,71.2453595190483,96.5981252679068,180.451370771059,4.80996158071915,300.83940441891,121.041935840899,75.4268692435621,194.560542486619,129.512891434498,3.75367215888841,206.963330247706,0,298.85859166874,448.843873091377,319.699710576494,99.3902162647093,55.8611829111204,19.7814392752635,123.172049485431,65.608555899211,438.642776664733,312.094300948808,162.828728374563,17.170473838374,26.6362894247399,0,207.72395245135,0.103866269837265,118.846927040349,0,18.3325848191889,4.07354739790308,98.0264264975787,165.061632263034,59.9704234425337,175.02807147677,149.303410831482,1.50462386131498,38.7352996989516,167.845229880107,110.422435260416,62.4939621166908,45.1944372428738,288.846455744727,146.542089693921,198.937620004418,38.5616711206519,170.823395415055,215.404584028252,5.92927505328921,132.50987963856,106.007385985462,8.65137503552003,123.211268658069,150.099335160712,6.75094862405057,11.0030708471356,339.503410623278
36,0,0,0,0,0,0,0,0,0,0,0,0,0,0,195.503635171562,115.727771248726,0,0,35.6781896799941,0,0,15.5930474577778,0,0,6.89796297658827,0,0,0.623261727076717,0,214.510952376588,0,30.8075065152247,0,0,0,0,0,0,0,0,0,6.68075655805989,308.293367857287,346.394143597117,197.060854527283,0,0,2.06641108864697,0,0,0,0,0,0,0,0,0,0,0,0,0,0,8.97752706098857,0,0,0,0,0,0,0,0,67.3437669464771,0,0,0,140.162384190841,0,0,0,0
37,0,0,0,0,0,0,0.240760457051204,0,0,0,0,0,0,0,0,0,0,0,0,0,0,0,0,0,0,12.9830889104899,0,0,0,0,0,0,0,0,0,0,0,0,0,0,0,0,0,0,0,0,0,0,0,0,0,0,0,0,0,0,0,0,0,0,0,0,0,0,0,0,0,0,0,0,0,0,0,0,0,0,0,0.289241548033829,0,0
38,132.816610305328,220.177844063235,179.826399312804,317.088599469045,201.380051549787,674.555851708787,94.4461646203878,41.5553731760134,227.606526507205,37.7766744522777,135.732236922386,156.186779165257,178.489663027374,44.4548868428656,38.980421732103,291.898311252931,25.818416856517,21.0630703691351,115.756135851359,0,0,18.4019105054223,320.209867813785,56.4391850280247,197.845070794072,125.916317348399,480.276019529111,61.5825302108792,477.291169849865,510.38374791921,844.302092775683,491.465021532093,0,19.4212582006594,16.6954766896529,186.122898623411,49.7870339186176,81.8508498830909,139.056309129218,690.198832334705,516.720187852855,418.177898348242,172.836445775197,376.849431052867,2.62489455210895,5.55437258906294,106.342725182021,301.599457676634,0,794.265850801964,10.1001376001892,0,231.75014310837,381.93199697375,323.174457966558,142.857910156585,566.386877953818,115.046196748136,4.31776236015531,97.5005636735607,209.741430891938,99.110352998209,11.7764157996289,32.6751798129105,152.519381446994,340.015348805845,184.410466245954,87.9688139123202,202.040650231746,192.50979517423,16.120004546033,0,169.55898150012,203.235801196343,268.214612707622,171.632145733507,316.233996003161,453.601706108033,348.466996647688,151.693115029766
39,0,0,0,0,0,281.836622610452,0,0,0,0,0,0,0,0,0,0,0,0,0,0,0,0,0,0,0,0,0,0,0,0,0,0,0,0,0,0,0,0,0,0,0,0,0,0,0,0,0,0,0,0,0,0,0,0,0,0,0,112.493884018322,0,0,0,0,0,0,0,0,0,0,0,0,0,0,0,0,0,0,0,0,0,0
40,87224.4557323315,99257.4875452491,83170.136855994,103144.374325378,93770.0328967735,100138.373932588,95074.6074050343,91408.8117317104,42977.9822292023,89839.1567487227,96876.0950986641,44053.0495595003,133581.43585354,65618.9836832384,82573.9163119174,109947.952545515,103010.080479638,107228.959513554,103488.241567706,109528.382068255,116371.584921668,139712.180005869,147067.716179504,151604.801957281,147661.797019725,134415.34784327,135640.17673469,157638.751714067,137357.909005325,157587.398845328,94053.0984209252,137878.551820394,139340.252247087,131958.016587581,148053.993189458,130073.476830385,134848.896699523,149380.501006864,132957.228593133,134655.424685945,134688.535528075,140422.082347253,137624.484718521,142573.57455896,133141.818503812,123424.058528642,139747.824048776,140012.422691493,156102.812649147,117676.202525119,147627.805043339,120139.543573517,138873.148708528,153942.598148618,43588.9289034358,92912.4859029209,92403.7934856355,89339.5197169319,92489.3284109859,92533.6843370495,84926.0568279535,91018.3286571951,96759.2204414689,113328.451086995,95982.6949254094,95722.8390538549,95460.265799931,94904.1892035577,67306.6347783115,87442.2406861033,85397.253833532,94812.9399812884,83301.5802566978,97457.3103608102,96103.7367771739,104934.009929828,94582.5530084734,92190.0417202096,37694.7764615343,108130.187104467
41,0,0,0,0,0,0,0,0,0,0,0,0,0,0,0,0,0,0,0,0,0,0,0,0,0,0,0,0,0,0,0,0,0,0,0,0,0,0,0,0,0,0,0,0,0,0,0,0,0,0,0,0,0,0,0,0,0,0,0,0,0,0,0,0,0,0,0,0,0,0,0,0,0,0,0,0,0,0,0,0
42,1328.39829992445,1318.00052059023,720.804150578823,1057.02341380239,1173.0543869688,772.323894919896,430.657454928179,1444.95858611236,578.499921539146,575.716518652712,1035.67809869869,784.428007217009,832.951760794412,1201.13479630352,1518.05741776575,756.251486855294,863.726753987168,459.763794078971,1368.66252413624,1094.74841880309,967.718740321508,2135.54171415425,1017.93603440718,937.232527132046,1874.14637657648,948.204615858377,1298.00676572549,156.300838098678,105.454768156901,1723.21202694674,1027.68701515456,692.836085121308,1022.52336345237,574.959574173009,1407.19017812789,383.747774128044,606.334948794593,801.072814832144,528.331935570596,964.104510678557,749.296891550371,23.7905695374401,552.459353460006,549.977675208151,1221.1817116273,905.774167023857,1053.16611167107,881.997039459846,1143.77366581499,466.893928966939,883.762040016551,1445.10381532323,931.544692886584,1502.02352310887,942.592169069128,538.854696628016,485.474466817558,988.217331041684,1101.89295431164,939.841499017274,798.012027159284,877.91663409428,488.374890514022,859.201632985199,752.191635251153,1274.11516514829,949.816189063949,1549.67284306148,1180.29991137398,492.466917887566,486.745503121681,607.509642995024,747.301571073228,1128.28280626638,1010.94416692323,552.262845312243,736.211423184574,1475.03795904922,1691.92780762274,1344.57732426025
43,0,0,0,0,0,0,0,0,2.7877630879431,0,0,0.821692129246628,0,41.1149421202522,0,14.2022520518667,0,87.6147071020516,0,0,0,0,0,0,0,0,0,0,0,2.78802113705533,0,9.37730553978716,0,283.591068507354,0,51.6382458583534,0,0,0,4.26011796947382,0,0,0,0,0,31.4453897899331,0,60.9326346652313,0,0,0,0,0,0,0,0,0,1.26129696478399,0,0,0,0,0,0,5.79541753638823,0,0,0,0,0,0,12.2201707279603,0,0,0,0,47.0677946478484,0,0,0
44,0,15.8607944624738,7.16951374500897,22.5137241822186,504.46444105128,0,330.257883505869,12.328712331592,1.53284858611977,125.244170182882,0,368.222336952122,215.409881341395,0,0,0,34.6867728083249,273.527742786684,0,0,485.525263026951,0,0,0,22.5337059170306,24.776388202798,75.1517647649152,0,533.665805914771,0,147.950487122825,450.514371661874,0,0,0.514002591222229,424.546464438668,681.708478457101,0,0,29.0460248746481,0,0,295.454343469561,0,485.229112884136,0,0,223.805014865866,19.8006747850648,424.271746608826,26.119993310459,63.5545196099945,0.419698652121075,0,0,62.1496648415355,146.56365753013,74.3803205561969,107.195299005475,431.439149195893,0,214.148489158755,247.89491292878,34.8065172502826,7.08134267621791,346.802855182688,0,18.5271680312453,1.05236228584,0,0,7.63550903765717,86.3853578237282,42.6486106227137,10.4763855110259,85.1683935618316,0,226.696777098036,18.8924831766023,4.74549166012619
45,422.674742996281,26.9017791791306,61.2498768466826,46.4696540518468,0,192.318177502198,1.27520794876034,207.790900925458,25.9989209723389,354.90176705678,135.545012492978,322.898212485362,158.164753158833,3.08198565336726,0,7.58139541899166,44.357384477752,138.178130640397,292.115178004952,0.775472699426675,491.207282984723,31.1860949155557,0,0,161.463429674214,335.097902396237,0,196.639074892704,596.489243408444,145.961997898119,653.656216532555,183.851248558599,0.303287064878475,5.4030540653575,771.551012262354,134.46791662183,65.5856923082765,113.945624310769,6.95166894701387,18.0591957401608,0.524557501805057,12.1923807184593,9.43545902956435,828.296151272745,62.6005370357354,499.571540401806,33.9425885255299,337.85821299378,1.17427556507223,451.089597072964,0,213.915984187803,0,223.115528428775,193.302486348941,80.3908488210348,283.009310819204,21.9218896379305,9.90001226864182,198.777400324143,41.1181289517226,156.93855410216,116.707851792851,1.86135451995462,110.007943743253,203.676269490637,162.861029287574,37.6471090971463,162.874919860407,197.267620676803,173.633768100253,56.0413165498655,293.227128157068,86.2875270983064,309.574423917312,358.613667659449,479.196194096818,215.244891782991,124.53417394552,291.332741539752
46,0,0,0,0,0,0,0,0,0,0,0,0,0,0,0,0,0,0,0,0,0,0,0,0,0,0,0,0,0,0,0,0,0,0,0,0,0,0,0,0,0,0,0,0,0,0,0,0,0,0,0,0,0,0,0,0,0,0,63.8495173280944,0,0,0,0,0,0,0,0,0,0,0,0,0,0,0,0,0,0,0,0,0
47,0,0,0,0,0,0,0,0,0,0,0,0,0,0,0,0,0,0,0,0,0,0,0,0,0,0,0,0,0,0,0,0,0,0,0,0,0,0,0,0,0,0,0,0,0,0,0,0,0,0,0,0,0,0,0,0,0,0,0,0,0,0,0,0,0,0,0,0,0,0,0,0,0,0,0,0,0,0,0,0
48,64.3372211891505,411.173544252601,0.387151402947083,6.54502169744322,0,0,289.029174377008,0.142385077462123,0,202.999839020497,128.652837280455,172.416469598821,33.3037050665429,258.341946520623,0,0,212.878423158747,0,0.361178856795715,5.19166229757013,0,11.2910716471399,856.381594858504,77.8761646714659,1.32417859957459,0,0,0.403803372472239,0,83.8467906041886,419.446216810487,0,0,0.583428373254565,68.2935696379563,251.22993659054,0,0.625626488218594,0,152.104212008678,305.528886333047,0,0.265787578297587,0,0,12.4895773531847,0,0,60.8638602741662,339.824207106998,0.815428614099778,0,0,552.557443285342,0,7.07103539205632,201.829112965435,438.55828407919,0,253.441325677897,238.625617404573,198.532837280464,0.223708691660604,274.152178403832,0,0,0.188757775384323,105.742526314122,0,375.325189451614,238.449018514047,374.06865760992,71.7127973307276,200.222183931405,5.15481961636699,245.430897326939,158.572063095286,0,293.010725057881,77.431719552904
49,0,0,0,0,0,0,0,0,11.7224777240641,0,0,390.17135602535,0,27.733337807764,0,0,0,0,0,0,0,72.7878412693148,0,270.596833688866,0,0,0,40.6611815358983,0,0,49.67742813662,0,0,665.130466017247,0,0,0,0,0,0,0,0,216.300072635084,0,0,0,0,0,0,0,0,35.6999167872636,0,0,0,0,0,0,0,0,0,0,0,0,0,146.236149139366,0,0,0,0,21.2340205530366,0,0,0,0,0,0,0,0,8.064711932671
50,0,0,0,0,0,0,0,0,0,0,0,0,0,0,0,0,0,0,0,0,0,0,0,0,0,0,0,0,0,0,0,0,0,0,0,0,0,0,0,0,0,0,0,0,0,0,0,0,0,0,0,0,0,0,0,0,0,0,0,0,0,0,0,0,0,0,0,0,0,0,0,0,0,0,0,0,0,0,0,0
51,535.804609251306,489.027521933409,567.142705683231,765.388727736517,490.361745677656,576.500068125207,640.767034665883,910.443248019879,1250.60193024612,864.981522183583,1064.36544185412,853.18179870152,231.083770140067,154.114789038689,6.91447767291011,891.243262016393,1010.83686243096,479.416372994924,403.888256611809,32.434628599152,437.757328880971,1554.00696138926,1089.46251336654,360.952416509301,832.453300000666,1659.16714785737,337.626284738778,10.1773538601122,124.92171938684,100.219934182903,1068.6353766029,106.477051848682,165.602292617434,911.16770473715,768.331439197131,1110.86546695283,302.143954730756,396.139567767906,868.290664420971,1036.57084309302,1457.95437381591,545.360737680224,931.961442582059,720.004313594471,169.071807787947,1224.35590637601,587.422056232913,1569.9282479391,997.097858994177,917.821778441773,71.3906300703761,278.602957128472,744.904243742404,160.016045128512,852.185743742956,785.769344975153,443.027472387872,798.646729629343,737.392372892076,1115.39413358274,186.131114813035,1156.7986195915,813.892822194638,174.723339496784,600.891301870441,134.137049143933,645.504234436574,632.383166635304,553.062141179313,820.327843900426,909.280331074168,489.46112813345,464.783187834184,473.479588470795,562.368139606401,243.813615435301,367.918146944598,587.807018674339,313.366038291124,263.811526237001
52,238.913199087209,543.382142034021,149.94277234063,973.535603573711,432.533375994392,1023.76220097002,622.887275096906,545.341678977316,40.9014607374992,491.75572069616,363.32810051494,316.892430221241,107.527745813548,950.559522994307,692.159122383656,182.463652827587,145.083750410032,1326.21051478818,624.652940274864,315.68238349943,345.087746936822,62.3581055610806,531.79237769706,479.452403261103,360.953676218299,368.335963888583,1195.84998284829,922.944148906741,478.842782614059,439.731402869957,690.801920148342,823.034048120187,840.874738810821,1376.91111771517,264.019256134453,1167.36134303203,1856.92872360503,772.268053455212,254.24726491409,560.746000121666,641.913398945935,621.61939297644,1115.59362038611,1132.22580707533,1093.01725301641,48.9244394697116,289.093434287381,472.537844724377,779.457524218423,1484.51354595546,24.8917018783932,377.781420975501,305.571230162148,27.8349168491956,756.637627308268,613.32931562044,939.452054549941,449.088294638786,333.066055748088,255.553576153229,214.836780424524,609.933532140626,373.882919407525,349.336825075194,396.465144004038,153.286260427896,499.133525955039,52.8309188653325,420.455343685271,403.82459127509,463.650300690765,927.892851914269,802.824054565291,358.034833029481,14.6030735901105,349.626755439711,427.494825861072,1032.68226339206,261.05894339569,698.449538678009
53,39689.2173758966,39776.7029357311,34626.221342453,37721.4983949536,37241.5729729989,43004.5446395655,40796.4826474242,35364.9204967518,73178.569520928,41941.6615337532,46332.1407130056,51538.3229267389,58777.737073806,41359.2789895022,30183.6515833423,34361.782203419,35600.2001420794,33932.2571241533,36882.7042582056,29820.0528693893,47367.1618315658,41984.0834923113,42514.1719473653,44534.4103036446,35052.8921227751,51258.8518312093,38785.2146473367,40068.9829606862,46290.4441347035,42275.7051749682,56687.8321220526,43336.8045949041,44879.6527389627,41360.0632447505,36925.9496358073,48480.1496333288,38713.0377318174,44330.4811981979,44528.239998965,51410.6026010847,49317.0274355316,35547.3279737453,44186.791612793,38525.3775576759,44339.8150805493,45334.5883719285,47167.1445334382,48253.2898671436,42191.2691638033,40767.3439932456,41619.9641002765,48408.7418880058,45026.3507871394,37124.3397849674,41814.2206408688,39780.1594613696,43975.0221338499,40968.9113607276,36910.9660673104,40133.5390319042,38111.241926706,35222.5730341727,41456.1750552899,33110.2315527409,38819.1044694621,38669.0080894602,38890.6252115288,41407.8846546628,47668.7271943044,40546.4380529901,36317.7597086276,38236.8720588866,41747.3083450092,39830.2200440928,40523.7744681665,35664.8540318805,33114.2769330791,40874.3559172797,52463.414598382,37603.4326213295
54,0,0,0,0,0,0,0,0,0,0,0,0,0,0,0,0,0,0,0,0,0,0,0,0,0,0,0,0,0,0,0,0,0,0,0,0,0,0,0,0,0,0,0,0,0,0,0,0,0,0,0,0,0,0,0,0,0,0,0,0,0,0,0,0,0,0,0,0,0,0,0,0,0,0,0,1.55486495820891,0,0,0,0
55,0,0,0,0,0,0,0,0,0,0,0,0,0,0,0,0,0,0,0,0,0,0,50.3412092747523,0,0,0,0,0,0,0,0,0,0,0,0,0,0,0,0,0,0,0,0,0,0,0,0,0,0,0,0,0,0,0,0,0,0,0,0,0,0,0,0,0,0,0,0,0,0,0,0,0,0,0,0,0,0,0,0,0
56,0,35.582811221312,0.285058144095852,0,14.5281817719372,101.498359621723,2.53467258951128,7.18137595505076,56.3747646672938,0,0,0,0,99.062497536186,0,0,0,0,0,0,0,0,25.8316508197719,0,5.72805331619681,0,0,0,0,0,0,0,0,0,0,200.891901665239,0,0,0,0,0,0,14.9709283269088,53.3174733171661,0,0,104.249038000075,4.92877311514316,0,0,0,0,0,0,0,0,0,0,115.397476340258,6.27093789310279,0,0,0,1.7758700901493,2.73457849679948,0,0,0,0,2.55485867704095,0.747898313897251,0,0,0,0.690086289383002,0,0,0,0,0
57,0,0,0,0,0,0,0,0,0,0,0,0,0,0,0,0,0,0,0,0,0,0,0,0,0,0,0,0,0,0,0,0,0,0,0,0,0,0,0,0,0,0,0,0,0,0,0,0,0,0,0,0,0,0,0,0,0,0,0,0,0,0,0,0,0,0,0,0,0,0,0,0,0,0,0,0,0,0,0,0
58,3874.37155905934,3896.60378344191,4716.78486959152,3504.95774259546,5596.873381046,2282.67121405037,4497.90299570623,4891.05126633653,6891.235787789,3021.56383149851,2006.92187688008,8720.46098290255,3989.11007230664,3319.53876012331,2047.45504967461,2529.44919230606,3657.585046208,7067.06166475995,2451.25658155008,3060.60307316188,9494.97676587649,4364.3695908697,6370.92676923236,6513.32393486333,6219.26781467868,5811.99208698484,8083.91335571463,2889.58650986958,5901.75689058403,6862.45623238669,6381.22293980193,6450.10896461045,6779.1389480409,3640.15347978617,3005.74356468111,3018.20999642734,8942.47923751309,5264.01270164538,2589.90840529901,4092.16427747183,4172.11479778134,4125.17498845442,3415.6361687023,3072.02115067273,3712.32241669592,4372.15838121701,4119.47993146401,5786.63041624067,6334.01022606631,4620.22951868891,5390.61984373383,5411.06966093167,8000.42013793702,4988.94348988735,2446.29151103238,5312.13364784606,4710.31282017086,3250.78990975354,3968.68437026759,3700.2270918878,2852.12727631843,2687.24908559699,5241.49464560794,4906.27553452915,5111.79643493838,4505.06210495706,5332.99928516278,2993.82188672265,5322.88319444718,6023.47930899911,4428.88257399399,3530.77712424011,3825.85858976127,6193.24807374783,5141.51423306497,3346.27097480819,4580.30894533038,5268.96158437791,4955.30885781715,3102.92108357764
59,0,0,0,0.220683567410399,0,0,0,0,0,0,0,0,0,0,0,0,0,0,0,0,0,0,0,0,0,0,0,0,0,0,0,0,0,0,0,0,0,0,0,0,0,0,0,0,0,0,0,0,0,0,0,0,0,0,0,0,0,0,0,0,13.6646941721111,0,0,0,0,0,0,0,0,0,0,0,0,0,0,0,0,0,0,0
60,1347.03244923298,1258.08013154746,1320.37985975103,2533.75639967202,591.5403375563,100.356971345867,208.888641033788,1068.10165858212,769.481508675563,1436.90703360518,1089.26068897452,845.607999459137,425.262695465086,732.680344596468,973.595185160747,602.573327862574,1534.97169676521,2548.57751380343,1113.15323664439,1661.66688117712,236.223271477237,612.094936660741,1521.3841811159,1619.38237458679,1433.0922893896,1234.03718976675,2072.16019712353,1295.40121889094,1640.25313130195,1237.79303207005,1616.03212574853,845.393811225143,1776.51893329647,360.850448857949,1619.01973735696,1501.97682520796,326.730093353032,1167.73184026,735.989951450711,1309.73426863472,585.908565114764,773.04821941404,639.750700962293,759.719731747547,898.929083022368,303.470156113551,967.000312884381,1696.26156434539,1237.05796007243,981.096751440084,1387.04407258372,1072.40267166908,831.005864591996,311.746369367967,1638.53351691556,1519.58275218069,1257.82786473101,1057.94391751805,1568.94278939095,686.769213471367,1489.75692259308,878.925280558467,785.217507728718,1245.3423001394,1787.1244710508,731.132283012775,1211.63616019197,1483.69533868974,1501.26149976888,1430.1682488657,1865.69216083355,846.688845732079,1539.51574744236,1709.39997376124,1539.57279208827,908.912423100764,819.576260889225,1757.65526972645,1058.33020338942,378.379491239248
61,714.514331475661,98.0894498030351,0.338757477578698,673.06623128616,761.069596992109,601.243266709568,326.397107772225,439.480440654186,213.712961302554,211.783485901192,540.076261751667,84.1207317316235,540.224523531326,575.003623505789,54.8683280747313,290.614138254987,87.3392863904082,170.234299422513,561.113927710693,0,0.327222209829945,928.690642977255,748.412960766859,244.053406129106,374.245976704768,4.3315058953131,581.549242234431,18.5497174229435,116.907689051271,87.1011180933923,714.838599787542,730.142103525752,8.76862707646886,5.10499826597745,1413.04787178535,293.101592688964,263.278994380255,108.937212261063,98.2909546393858,857.926257348948,737.780891121527,716.373526676343,501.873394720419,1.3752869386593,78.9643928289632,266.698980235957,106.226942470671,11.1287878876252,489.954075207038,0,189.077509894386,99.3642680770584,597.259260399242,635.65067944555,270.914644649255,34.5575296752021,304.714656879455,373.28116981681,0,535.20768749953,379.571548191439,219.1746860164,331.59220821393,10.0244427403894,160.474227305267,85.8526544446819,0.330326106922565,859.462914861831,176.044068332273,470.602269516566,309.298087912789,521.667118555107,596.538042711092,73.9135091665597,100.870447492999,403.375906044213,2.63927686537671,254.032882218699,387.673006402064,69.5963669790983
62,10127.2035109162,9205.17743102623,10791.2323674286,8400.44609837249,8697.21342315077,5739.63883321001,7640.40842499755,7356.98830423312,12773.1123044921,8558.63587323158,7143.11672146444,7098.98860832301,6705.65831809064,8043.89399248242,8086.44871238422,7098.1409229558,9328.50398821274,11366.0242660416,10686.5840934621,8751.07155121679,9315.38472305353,10673.4104102461,9973.80795727944,9491.80653737384,10241.5504034031,7241.97141028792,9397.42545456767,7980.78331365375,8309.72016389459,9232.32289377344,11436.6920862498,10295.6367929304,8931.79395110225,13151.934104091,14494.5784388387,11862.7804521169,12868.8877533371,10382.3132804201,11456.7866078285,9694.26054956509,11644.1623955688,6954.53396180918,12932.7119188724,9696.38477990034,10825.7530860299,9675.7464383624,12712.2433499567,12673.1958861175,7887.33497295831,5613.8160852994,14292.4522145877,8623.0565174812,11069.9596569554,5796.03411252887,8336.1697237981,8113.71704870765,8807.96365005426,7437.82090269504,8884.27100987917,7347.68643361168,7180.74172823707,7592.86671490879,7262.38202563678,8060.38893149459,9830.46089771649,5756.87343112693,8056.71666709982,6529.10122178759,10417.7678971685,6865.95458216567,6420.67363649032,7513.09982912647,8051.2139883879,9843.50623559301,8540.37236474004,7294.54714480291,9439.54427453151,8250.27116682392,8931.21225496073,8522.19182554815
63,344.63636920789,180.754504968987,128.340592851593,9.56509750539818,0,137.431067647283,3.43727573665518,18.8731384418868,470.549485998706,51.9403279723841,66.8820382734703,322.568431203935,65.2280657050313,336.844127137129,171.910237422208,1.15399737638919,404.390952143807,0,72.667879865867,44.9823500947194,667.772164379031,867.509131493288,513.194850917166,142.557841037637,520.940241107979,55.4303465194004,447.308504014569,506.412831351262,1182.68701882401,1424.39453770487,510.292929273707,27.0015533197387,77.1065091152415,300.304151134357,0.256355888038008,200.276511561128,257.722114895615,10.3072828058997,219.961674462178,0.233653883609514,881.61069910604,432.563719709798,646.748349915975,37.5532178644028,294.221644507568,0.796005849026935,0,103.266584881063,90.3985757959571,12.3813184420377,487.705765350771,72.128656362026,0,403.872644467637,0,84.3801619006248,274.172964246067,71.9452404302304,12.1127221930746,47.1587357195575,285.428780882395,389.705206400898,295.632328169093,403.584539949926,97.3888237702823,419.10516189939,42.8776891376533,98.4201564902782,477.359936955642,1.73232506981682,363.093174391302,495.366361883032,128.82785340876,1.10657099472247,233.411029345931,0,0,3.13836522459809,1095.60342390252,6.04845605366493
64,0,0,0,0,0,0,0,0,0,0,0,0,0,0,0,0,0,0,0,0,0,0,0,0,0,0,0,0,0,0,0,0,0,0,0,0,0,0,0,0,0,0,0,0,0,0,0,0,0,0,0,0,0,0,0,0,0,0,0,0,0,0,0,0,0,0,0,0,0,0,0,0,0,0,0,0,0,0,0,0
65,0,0,0,0,0,0,0,0,0,0,0,0,0,0,0,0,0,0,0,0,0,0,0,0,0,0,0,0,0,0,1.87736191107346,0,0,0,0,0,0,0,104.650387708493,0,0,0,0,0,0,0,0,0,0,0,0,0,0,0,0,0,0,0,0,0,7.00753547287747,0,0,0,0,0,0,0,0,0,0,0,0,0,5.79363489220804,0,0,0,0,0
66,0,0,0,0,0,0,0,0,0,0,0,0,0,0,0,0,0,0,0,0,0,0,0,0,0,0,0,0,0,0,0,0,0,0,0,0,0,0,0,0,0,0,0,0,0,0,0,0,0,0,0,0,0,0,0,0,0,0,0,0,0,0,0,0,0,0,0,0,0,0,0,0,0,0,0,0,0,0,0,0
67,0,0,1.03263460070501,0.105801781871175,0,0,0,0,0,0,20.3798596933763,0,0,0,0,0,0,0,0,0,0,0,0,0,0,0,0,0,0,0,0,0,4.01814669497314,0,0,0,0,0,0,0,0,0,0,0,0,0,0,0,0,0,13.7747627959646,205.950573271122,0.372773489764068,0,0,0,0,0,0,0,0,0,0,0,57.392603897178,0,0,0,0,0,0,0,0,1.75168582825875,86.8008805406839,0,0,0,0,0
68,45415.6530900936,35558.1892974185,43413.4872508836,41763.0268605861,38020.1895427136,37001.9018153978,37970.7596622445,41941.9545244524,24715.3835482381,40401.346425506,44108.2506822067,38199.9736078502,44746.8697390715,46148.267679922,53157.5557796292,41918.0713553892,40896.6793849409,46777.725007602,41503.3216373524,42883.544595167,39841.3238225386,35069.4748302462,38718.7723627058,30388.8504443199,32784.6552258895,34452.7640012163,34570.3316505671,30996.6984256878,39072.6674035817,31191.586724649,34685.6115658064,32752.4643833694,35491.2331311042,35444.3220833303,33791.5299582209,36097.2793534005,34669.4609853514,30700.4884075621,32692.4012430348,34750.8925627011,33969.3907964673,41268.7794663269,34736.6201428864,36861.3455143909,37666.3399313583,38696.9461006798,31132.8620821482,30780.4673546704,31523.2955908302,46466.429809905,32966.3913304123,37013.4383855696,29390.4883801154,33879.53492079,65649.1222930773,34266.6348780239,35986.6227882883,41213.2767226501,37054.278214325,40589.747731782,40584.0192743556,43302.2031306612,36915.3486917918,37071.7912112122,38594.9068753976,38079.5726530241,36872.8753337853,39059.3062576256,40058.4171044916,34873.2781246096,39477.192781625,35237.4649628077,40874.5319879723,37291.6032077266,36245.6582716088,36171.0239374189,43996.1165905425,35177.1920375693,40614.8475919248,39506.2628816143
69,207.074434588987,459.112913171581,827.056829358258,545.406127145482,368.597957288487,739.049847070159,239.65970398881,624.038706105699,224.073237772921,373.698034994221,298.163258858077,886.813628423652,251.012181537156,437.01258103061,844.926571780413,929.212887922675,863.755965982949,123.620949841896,403.247995648741,692.213819926103,501.257457118074,940.831685902904,216.654176428087,513.39627489176,231.322494216475,0.911727014466498,441.936262383588,92.666327235095,418.363308464561,31.0967415928759,458.540573925415,199.222133257735,0.253329273387468,956.768048553992,865.56936356278,218.541629359024,1128.96043074909,594.449029164982,399.287910535907,74.215564875207,240.983485265047,212.748735916687,173.044605289287,298.888559587226,3.69889361009546,301.655501899226,668.396949078219,390.945680747834,1304.52724642758,1283.88247433132,652.844205369425,473.821479152317,40.5409301124735,13.1881493266587,8.97008223149721,619.458580071978,374.044842786622,48.903477064553,413.463547406312,776.602531438021,649.390402716637,580.564336767651,150.840010199824,558.155278333888,378.493632964464,213.756705129419,113.645890814335,400.841899796325,191.108172149567,165.519054368606,187.920364279825,28.7154560119705,307.294121198891,668.987788728573,118.012810966471,555.313667263197,753.860020451213,492.44836642302,489.080077129389,255.115142299826
70,0,0,0,0,0,0,0,0,0,0,0,0,0,0,0,0,0,0,0,0,0,0,0,18.0328252096841,0,0,0,0,0,0,0,0,0,0,0,0,0,0,0,0,0,0,0,0,0,0,0,0,0,0,0,0,0,0,0,0,0,0,0,0,0,0,0,0,0,0,0,0,0,0,6.44857579044619,0,0,0,2.26670678994417,0,0,0,0,0
71,5852.70847959022,5324.88556510825,7581.82915843404,4938.02746785986,7104.43501717667,7318.5586336024,6471.4239816005,6394.64229241757,1266.46754719415,6528.06474931716,6679.78028068666,2279.91884466038,3436.35510265725,6632.3829204517,8242.54896330179,6223.47817704765,8015.10206527093,6204.26573456104,4268.8690596647,7965.8147168286,7066.12277137104,7011.21875420536,7425.22425657494,6161.22885744946,5725.71141060627,8229.11122939238,6514.07558665792,7238.25519589014,5086.73727965897,4567.51543737602,7667.94811877376,7203.57485540459,7138.23599696994,8691.899525828,5543.05295560425,6530.36352778095,7337.16531299643,7621.10146799387,8364.59991597199,5398.26807718203,7613.4285967988,7609.17993879322,6587.17436343937,7471.87630920015,6661.42060789822,5146.15219228006,8864.02401506827,7725.02880536118,4642.81958189266,7331.19694585085,6196.32442105777,8764.38502114468,6180.40474954487,8731.11199092631,7535.22075725569,8059.50947541671,5389.30623183162,6169.17988981313,5728.09151289447,5541.27842506038,7008.84879220713,6764.86664314035,4117.76149215782,5163.08871417752,5083.570458495,6798.90643251613,6154.21648124582,5449.09500784233,5185.90521498696,7145.19527393156,7509.4275959903,7444.07137766695,6125.92019078341,5389.34972420125,3558.11964618755,7148.31704291128,5917.86389343068,5547.13432851347,4806.74289339192,6206.15725988151
72,0,0,0,0,0,0,0,0,0,0,0,0,0,0,0,0,245.401295351531,0,0,0,0,0,0,0,0,0,0,0,0,0,0,0,0,0,0,0,0,0,0,0.866303318932107,0,0,0,0,0,0,0,0,0,0,0,0,0,0,0,0,0,0,0,0,0,0,0,0,0,0,0,0,0,0,0,0,0,0,0,0,0,0,0,0
73,0,0,0,0,0,0,0,0,0,0,0,0,0,0,0,0,0,0,0,0,0,0,0,0,0,0,0,0,0,0,0,0,0,0,0,0,0,0,0,0,0,0,0,0,0,0,0,0,0,0,0,0,0,0,0,0,0,0,0,0,0,0,0,0,0,0,0,0,0,0,0,0,0,0,0,0,0,0,0,0
74,0,0,0,0,0,21.0299740875532,0,0,0,0,0,0,0,0,0,0,0,0,0,0,0,0,0,0,0,0,0,0,0,0,0,0,0,0,0,0,0,0,0,0,0,0,0,0,0,222.885943371079,0,0,0,0,0,0,0,0,0,0,0,0,0,0,0,0,0,0,0,0,0,0,0,0,0,0,0,0,0,0,0,0,0,0
75,0,0,0,0,0,0,0,12.9074615310084,0,0,522.155404034408,422.606533223156,0,0,0,0,0,0,0,0,0,0,0,0,0.419717323972302,0,0,179.443729029605,0,0,0,0,0,218.212629961016,0,0,0,0,0,0,0,0,0,22.4897505508455,0,0,0,0,0,0,0,0,0,0,0,0,0,0,0,0,0,0,0,0,0,10.4951794110225,0,0,0,203.101488579818,0,0,0,0,0,0,0,0,0,0
76,48.212357033261,24.1515972927882,217.449558247096,6.59589547204315,0.743989279725178,0,386.702464957409,0,0,10.9993317836439,475.533989747578,23.7664520877449,123.062761472653,20.3543008411077,182.595675670997,0,352.013069878655,39.4588422240831,0,5.87898633840446,134.732832567899,35.134651433401,371.738101411485,0,93.8856164240199,45.7303968129711,31.7203858842835,44.0175698550315,0,15.5621328523739,32.4199697555387,0,0,14.0131253516645,0,0,1006.80923762577,511.484540354103,0,0,16.9535424561084,482.821256714137,369.526248611377,0,246.970526167471,0,0,142.229001138657,81.5270277073938,0,153.670402093584,12.5384493848626,44.9295988294818,33.7716765574706,0,12.108402793941,0,0,0,233.650186791004,249.239020038299,194.03010177073,0,0.742696599040133,0,165.985863923638,0,355.479925702295,138.393953858806,344.051135969548,195.176437307015,226.616231279273,367.169431963723,8.64528586521197,31.4579298273571,231.261596823268,12.7380500013508,36.0654103471252,68.8688953417715,195.614811424941
77,1225.18121975021,702.844773423699,1279.13002956102,1847.40186713603,1535.37824498187,1705.46358774675,1410.10014723013,2063.06220721954,498.121361124544,1446.8715742785,2364.38404191219,604.937315843537,852.890529293824,2858.44388344315,1825.56968528689,1361.31115002334,1733.55902706108,2508.13423745819,666.859220023165,859.499606896222,1343.84446179636,777.775643907297,652.273973651083,82.1918405590462,1384.28734882145,2189.10293556493,1233.0468021848,1769.81088987981,1184.64636367902,850.609997744294,1198.1196396981,1786.72092983703,1397.58405095263,956.435632899561,1199.10786459581,936.723726693471,1185.9146568156,798.527554500057,268.652925053358,798.705887115972,398.115986821014,1359.26339533606,1221.44824232048,265.064214198963,1656.07166767067,1609.43661239999,1929.39693618834,314.173810276208,737.363914903089,1952.77060070388,1833.4294164804,893.238706335448,2322.18136429507,1426.61947391452,1825.22234657696,957.339937659695,2061.98122494539,1011.35741408536,1762.69623433453,1568.52777810426,1719.41517218957,1652.44905863752,875.167724024121,1396.58036983958,1349.16244961715,1083.68741084328,1251.25500427907,898.125620710653,1844.53784346603,1692.53257654642,1837.40205367787,1753.6243515632,1130.72504045649,2005.84081653918,1315.91574361496,871.725638004816,1489.65504703897,1710.14328978908,735.466057773374,1664.72181412967
78,0,0,0,0,0,0,0,0,1.48789701467931,0,0,0,0,0,0,0,0,0,0,0,0,0,0,0,0,0,0,0,9.60967324497306,0,0,0,0,0,0,0,0,0,0,0,0,0,0,0,0,0,0,0,0,2.59665674593162,0,0,0,0,0,0,0,0,0,0,0,0,0,0,0,55.3563232139771,0,13.8015587809652,0,0,0,0,0,0,4.24979826306247,0,0,0,0,0
79,0,0,0,0.718338413756926,0,0,0,99.4153363321472,21.5684828382966,230.743598162556,0,0,226.809536716026,18.5650589098828,0,0,24.0347687973451,0,0,45.4923053226418,50.4160664667546,3.58725502362786,0,0,0,0,10.5393610410829,0,0,0,0,0,0,34.0443447114091,0,0,0,76.7899524021178,0,0,0,0,57.2239580011636,0,3.14889249913537,233.66343490058,220.639061388737,0,0,315.109026869958,180.483734141032,0,184.758313321486,75.2465015656868,216.997910339084,152.343212693298,0,0,0,0,8.74381551716937,1.12002898477117,0,8.08847713124679,0,0.979783360114512,60.0096885418192,94.9811727443077,8.99034805023537,0,4.59866625194919,0,0,5.94651241698364,0,189.306382411892,0,0,0,0
80,0,0,0,34.5466313494459,0,0,0,0,0,0,0,0,0,40.6226506473716,0,0,0,0,0,62.7336191837676,0,101.762812765382,0,0,0,0,0,0,0,0,0,0,22.8702122086288,0,23.3563330886203,0,147.494446955982,537.338212925598,0,0,0,81.3577678178163,0,0,0,14.3980102375979,0,0,0,0,0,5.4473909305971,406.103353118047,0,27.9243609710001,0,277.243389529403,0,0,0,0.505523420385238,0,0,0,5.20521575049315,0,54.0401062565971,3.26308724879706,0,0,0,0,0,0,0,0,0,0,385.683178679599,0
81,0,0,0,0,0,0,0,30.7045332498908,0,0,0,0,0,225.206409187566,0,0,0,0,0,0,0,0,0,0,0,10.4721270488442,0,0,242.477369108057,0,0,0,0,0,0,0,28.6980728234011,0,0,0,0,0,0,0,0,0,0,206.925865700005,0,0,0,95.7488193166246,0,0,0,0,0,94.5796564794032,0,0,0,0,0,0,0,165.844298512046,0,0,0,4.28188605090662,82.2583690215203,0,0,0,0,76.4735863011816,5.98208004602543,0,135.374140974243,0
82,0,58.981928071432,0,0,0,0,0,0,0,0,0,0,0,0,0,0,0,0,0,0,0,0,0,0,0,0,0,0,0,0,0,0,0,0,0,0,0,0,0,0,0,0,0,0,0,0,0,0,0,0,0,0,0,0,0,0,0,0,0,0,0,0,0,0,0,0,0,0,0,0,0,0,0,0,0,0,0,0,0,0
83,0,41.3450753786138,0.377653085897351,72.7826966307631,0.196401487974556,0,0,0,63.4838493186651,0,80.0364026259595,0,0,0,298.671779130897,0,3.57629251510939,514.975367561893,0,0,0,0,0,0,0,0,0,0,33.1287911342706,0,0,261.276210878937,0,148.2543598483,0,0,0,325.888162355718,0,0,74.9226663814674,48.3440262098351,3.37046819112995,0,18.5730064284952,6.86922842712375,0,0,0,0,0,0,0,0,227.36385565871,0,0,174.194517958291,0,0,0,298.637757764796,0,0,0,0.474988204020186,218.374407533044,0.279913851625725,121.90762488923,0,115.680199214063,252.090489570613,0,97.2946302965258,0,190.729592915838,0,163.304245238389,0,0
84,0,0,0,0,0,0,0,0,0,0,0,0,0,0,9.83781380297591,0,0,0,0,0,0,0,0,0,0,0,0,0,0,0,0,0,0,0,0,0,0,0,0,0,441.100250037833,0,0,0,0,0,0,0,0,0,0,0,0,0,0,0,0,0,0,0,0,0,0,0,0,0,0,0,0,0,0,0,0,0,0,0,0,0,0,0
85,144.857096243652,0,0,230.682344817268,4.57908879701647,0,0,183.913802874754,77.8472524207853,162.55460631473,352.250433640818,0.301913797152529,13.7090310947898,239.406505742673,0,0,0,42.4663249165066,0,0,0,33.3909229386411,0,0,281.227553925129,0,0,0,0,0,502.004385186603,399.67767406996,0,0,397.401137993143,0,0,441.086040828333,0,7.82646168012351,0.909327136372697,0,0,0,0,0,101.962311872299,384.185592144705,0,0,0,0,0,0,125.6596243695,4.1530697972843,0,386.50688497436,92.1513927993632,0,0,244.750200995191,90.0838469619147,6.45336371925047,0,19.2172044508059,5.05047722024272,439.365100735087,0,0,0,28.5730408187106,0.325216235357087,0,0,0,130.570370038241,81.8849440392675,0,0
86,6.27064743462426,8.28142724252394,174.754813481324,85.2657166993386,33.2917420906469,324.411612311334,110.701704186648,150.190393276347,39.2898694478558,85.3247227475843,0,171.136632050569,180.150561102709,136.882673156449,1.78322131648588,216.361820721321,39.3352471940345,535.322616856517,105.026391776684,33.7392405058397,45.4882668135303,2.25889608881092,301.385723331258,73.4798358873466,0,356.174961683982,220.11523826316,249.040132315561,295.073373752061,203.016449279248,25.0123476029826,53.8433050401164,292.415122445699,286.637355792328,532.850663295766,0,9.82209375791356,152.198297034471,309.166699848435,0,454.726160494014,305.405101660373,17.4276356071877,335.424257410852,425.323257980728,500.757310524735,417.954627350693,0,176.406276475325,856.542826171105,32.5454242652366,250.509002003612,7.96865700872329,26.134883137323,284.307013595437,148.4848182813,134.428126328017,211.340797160451,107.06399501231,174.13216207599,316.713805915274,1.05792412710699,191.328676443189,262.433192337311,179.491727063894,44.4218413671803,130.225541165817,86.7149563178807,14.4860787501599,142.886455647128,103.765528493632,254.571667170844,325.029997761505,246.202290069901,70.6579747542251,185.806362505964,78.2108354468693,371.312316419867,202.667939269921,8.67637587147779
87,0,0,218.636446707772,0,0,223.44569899437,6.04960529651312,48.0891832615308,2.80316509395384,0,0,0,4.68959949513297,0,0,0,52.8245152846633,288.262376522784,363.639928195612,0,0,19.5812594659908,0,63.696056633838,62.7210728110653,45.3093066029069,300.433253102348,111.248200942412,0,0,0,101.36297397013,0,400.502626391601,0,0,7.35802849349735,0,13.5795140778414,255.734175610613,255.69425010639,302.87203704255,0,242.507844716392,0,0,13.2348608252123,7.35231348667763,0,368.273066648081,28.3612979850615,0,39.14327594727,0,171.943095592152,99.4480479543079,160.815151301015,0,0,0,0,8.15166583391466,0.819029243133112,0.73585777216131,105.541348455797,128.357033342737,26.260621332658,134.474119687833,0,0,0,0,6.89751892171252,0,0,8.9855731839034,162.886641459492,0,0,0
88,0,0,0,35.8794340126339,0,0,0,0,0,0,0,0,0,0,0,0,0,0,0,0,0,0,0,0,0,0,0,0,0,0,0,0,0,0,0,0,0,0,0,0,0,0,0,0,8.37137076335694,0,0,0,0,0,0,0,0,0,0,0,0,0,0,0,0,0,0,0,0,0,0,0,0,0,0,0,0,0,0,0,0,0,0,0
89,34.1904567171444,14.9008708067891,173.43761278676,0.271299064522876,0.459020908821268,0.160670983529068,195.419768569775,12.7410151482707,137.898363572635,38.0476960983482,113.168955979444,127.853222234302,29.2024372231331,303.119772781082,290.375710118985,220.835247214749,0,813.056956927316,1191.69679792343,0,0.284192989577078,70.4506170083735,686.856781903596,557.813554944412,0.943401324524899,3.22450242272325,171.491573086804,0,391.815421800608,428.135495859059,0,32.2936336421799,543.393034507449,396.372672702939,1130.2651727346,2.30950870238049,499.426183996133,0,378.710267239185,172.051117581376,0.774805117345084,591.827690878095,138.307382242995,648.708248933869,0,0.151457152657935,558.013681223562,61.8074931354248,881.116054276398,56.6613133374285,0.929513810109151,414.986887015835,325.474860802513,51.6125929713216,7.93111628495911,313.763153132903,1112.84481914861,7.89757044463373,93.459748848004,595.157246766693,137.620924862524,17.5548273828698,153.259438240705,13.7467008125089,0,12.7663974055288,283.804675111847,148.994580096804,444.00335471949,251.823512949162,26.9204797333142,209.376165393804,143.401898549757,25.2658583772069,15.6693905158067,12.5895917860481,2.94713484836299,0,0,570.020137882395
90,0,105.357340794404,0,0,0,0,0,0,0,0,0,0,0,0,0,0,0,0,1.75298722487764,0,0,0,0,0,0,0,0,0,0,0,0,0,0,0,0,0,0,0,0,0,0,0,0,0,0,0,0,0,0,0,0,0,0,0,0,0,0,0,0,0,0,0,0,0,0,0,0,0,0,0,0,0,0,0,0,0,0,0,0,0
91,18.652013768039,0,55.4860243822938,0,32.2795348783989,4.38256414896884,84.9598466220351,0,12.6471246247741,0.189658846517007,85.4021837889843,0,0,58.5397551377777,32.2118681470656,0,171.335569977253,12.649930257325,4.0358118397183,0,87.8136891547549,25.9839293500317,1.53399099442927,496.407032626743,3.37743207325512,2.06141210602249,173.604693903394,2.15795995826562,19.7632902585295,128.715005163232,6.22973401836824,6.25612026481402,3.24573488395849,2.26755739204316,4.73982741377801,122.054035665199,49.6566740686003,0,2.31682325437826,0,138.031948216918,0,600.567428397902,244.679313886115,0,96.8259802915828,0,44.2288731153609,0,0,0,0,19.9621479142279,0,54.0835456538365,4.02180626833788,1.75096126839514,9.42458846413378,122.477571135807,0,150.168128690722,0,0,0.390587263229317,0,0.47313096764083,0.183406870705784,0.278819369312428,80.4432212119559,71.3637211108945,34.543690451266,140.523818762954,1.88962395206503,0,46.8995594030823,147.456066684335,51.9172037933843,22.1816883361662,0,164.46295871399
92,12113.9618170805,13888.6452196893,13332.5927530424,14264.1677387187,13904.6940922965,12529.0023946586,10861.1573716678,10247.247919025,9313.55765582639,14933.8539989916,12313.8281962953,28945.5273495857,13412.997462931,14332.2935164761,12239.2377888559,13468.3096639824,13281.9878603164,15848.6533449579,10794.5246000329,14391.0882478102,12148.6413998365,12494.7952027868,12896.3493682035,12391.0782919151,16323.2505491858,12128.1772966395,13880.4150145196,11547.8377098164,13433.508896494,11745.5134670351,12024.7124623153,13708.6968953063,13404.5387582088,17605.1152160832,14243.8250464717,11160.8143741536,15716.030751833,15347.3263864006,14580.4798439696,13826.7181789696,13141.3391825475,17075.0189249889,9553.31818908612,11855.7779638285,11824.512225825,11963.5075147526,13538.7810587117,13224.6790636701,15552.9519923427,14801.453733425,10440.6672394272,15044.1408343908,9931.2851575597,16791.4150147595,16427.0536908534,11023.7650085345,9355.20402640834,10724.8130867938,10348.6298542965,9981.62851443915,9107.83678006987,9611.2518675631,10776.1858893938,9594.84147691875,11083.7456017378,11500.8193114235,10259.9419632369,11874.1323799593,9633.87789672231,11929.4193276486,13113.1195831076,9411.36393617598,11229.3595130139,9229.13053696932,11091.770594328,11009.5246122385,10805.4608013934,10470.3641935848,13531.5166100948,12388.7684681892
